loader,worker,qmax,total,throughput,latency
1,1,4,0.159,942.40,0.0002
1,2,4,0.124,1206.64,0.0002
1,4,4,0.130,1153.46,0.0002
1,16,4,0.252,596.31,0.0003
2,1,4,0.130,1151.18,0.0002
2,2,4,0.122,1229.03,0.0002
2,4,4,0.122,1225.16,0.0002
2,16,4,0.265,566.81,0.0003
4,1,4,0.142,1056.96,0.0002
4,2,4,0.120,1253.57,0.0002
4,4,4,0.125,1200.14,0.0002
4,16,4,0.249,602.30,0.0003
1,1,32,0.129,1164.80,0.0002
1,2,32,0.115,1308.62,0.0002
1,4,32,0.125,1200.18,0.0002
1,16,32,0.264,567.83,0.0003
2,1,32,0.132,1134.15,0.0002
2,2,32,0.122,1231.90,0.0002
2,4,32,0.128,1171.27,0.0002
2,16,32,0.244,614.31,0.0003
4,1,32,0.130,1154.25,0.0002
4,2,32,0.124,1206.60,0.0002
4,4,32,0.127,1185.16,0.0002
4,16,32,0.251,597.84,0.0003
